Antonio Gandy-Golden,4029893,WR
Darren Fells,15773,TE
Kalen Ballage,3128774,RB
Tavon Austin,15786,WR
Terry Godwin,3915174,WR
Tyler Eifert,15788,TE
Isaiah McKenzie,3128724,WR
DeAndre Hopkins,15795,WR
Sony Michel,3128721,RB
Nick Chubb,3128720,RB
Cordarrelle Patterson,15807,RB
Keenan Allen,15818,WR
Le'Veon Bell,15825,RB
Giovani Bernard,15826,RB
Zach Ertz,15835,TE
Mike Glennon,15837,QB
Travis Kelce,15847,TE
Vance McDonald,15853,TE
Jordan Reed,15860,TE
Geno Smith,15864,QB
Robert Woods,15880,WR
Ryan Griffin,15887,TE
Latavius Murray,15920,RB
Matt Barkley,15948,QB
Preston Williams,3915399,WR
Chris Thompson,15966,RB
Rex Burkhead,15971,RB
Levine Toilolo,15980,TE
Theo Riddick,15994,RB
Kyle Juszczyk,16002,RB
Kenny Stills,16016,WR
Laviska Shenault Jr.,4243160,WR
D'Andre Swift,4259545,RB
Devin Asiasi,4046522,TE
Ty Johnson,3915411,RB
DJ Moore,3915416,WR
KJ Hill Jr.,3915522,WR
Stephen Carlson,3948283,TE
Joe Burrow,3915511,QB
Tyler Conklin,3915486,TE
Luke Willson,16121,TE
Josh Hill,16143,TE
Salvon Ahmed,4243315,RB
Hunter Bryant,4243318,TE
Chase Claypool,4046692,WR
Tyler Bray,16252,QB
Tony Jones Jr.,4046676,RB
DeMichael Harris,4374496,WR
Demetrius Harris,16318,TE
Gabriel Davis,4243537,WR
Keke Coutee,3915823,WR
Adam Thielen,16460,WR
Jack Doyle,16504,TE
Tyler Johnson,2310331,WR
Miles Boykin,3932423,WR
Lynn Bowden Jr.,4259979,RB
Josh Adams,3932420,RB
Dexter Williams,3932449,RB
Equanimeous St. Brown,3932442,WR
Mo Alie-Cox,2998565,TE
Jalen Guyton,3932430,WR
Sammy Watkins,16725,WR
Teddy Bridgewater,16728,QB
Brandin Cooks,16731,WR
Eric Ebron,16732,TE
Odell Beckham Jr.,16733,WR
Tony Pollard,3916148,RB
Mike Evans,16737,WR
Derek Carr,16757,QB
Jimmy Garoppolo,16760,QB
Isaiah Zuber,3916129,WR
Carlos Hyde,16777,RB
Jerick McKinnon,16782,RB
Richard Rodgers,16786,TE
Jarvis Landry,16790,WR
Donte Moncrief,16791,WR
Allen Robinson II,16799,WR
Davante Adams,16800,WR
KhaDarel Hodge,3047876,WR
John Brown,16804,WR
James Proche II,3916204,WR
Garrett Gilbert,16809,QB
AJ McCarron,16810,QB
Logan Thomas,16813,TE
Josh Jacobs,4047365,RB
Gunner Olszewski,4424106,WR
James White,16913,RB
J.D. McKissic,2572861,RB
Devonta Freeman,16944,RB
Chad Beebe,3047968,WR
Trey Burton,16974,TE
Bennie Fowler,16995,WR
Lamar Jackson,3916387,QB
Nyheim Hines,3916430,RB
Jakobi Meyers,3916433,WR
Deontay Burnett,3932935,WR
Diontae Johnson,3932905,WR
DK Metcalf,4047650,WR
Carson Wentz,2573079,QB
A.J. Brown,4047646,WR
Willie Snead IV,17258,WR
Keith Smith,17315,RB
LeVante Bellamy,3916721,RB
N'Keal Harry,4047839,WR
Seth Roberts,17402,WR
Senorise Perry,17421,RB
Cameron Brate,17453,TE
Diontae Spencer,17463,WR
Kerryon Johnson,3916925,RB
Tyler Higbee,2573401,TE
Kahale Warring,3933327,TE
Darius Slayton,3916945,WR
Trenton Cannon,4261020,RB
James O'Shaughnessy,2508079,TE
Bisi Johnson,3917067,WR
Alexander Mattison,4048244,RB
Pharoh Cooper,3048897,WR
Troymaine Pope,2983319,RB
David Johnson,2508176,RB
Kyler Murray,3917315,QB
MyCole Pruitt,2508256,TE
Dare Ogunbowale,2983509,RB
Tyler Ervin,2573974,RB
Ja'Marcus Bradley,3917569,WR
Malik Taylor,4408988,WR
Penny Hart,3917546,WR
Ke'Shawn Vaughn,3917612,RB
Brandon Zylstra,4294520,WR
Alec Ingold,3917668,RB
Daniel Jones,3917792,QB
Antonio Gibson,4360294,RB
Lawrence Cager,3917849,WR
Jace Sternberger,3917962,TE
Steven Sims Jr.,3917960,WR
Olamide Zaccheaus,3917914,WR
Brandon Allen,2574511,QB
Brandon Aiyuk,4360438,WR
Dan Arnold,4212989,TE
C.J. Uzomah,2574576,TE
Brandon Powell,3115255,WR
Alex Armah,4212884,RB
Nick Boyle,2574591,TE
Chad Hansen,3066074,WR
David Moore,4212909,WR
Anthony Firkser,3049698,TE
Cam Sims,3115314,WR
Tarik Cohen,3066158,RB
Tom Brady,2330,QB
Josh Malone,3115330,WR
Josh Reynolds,3115306,WR
Jeff Driskel,2574630,QB
Kyle Allen,3115293,QB
Russell Gage,3115378,WR
Darrel Williams,3115375,RB
DJ Chark Jr.,3115394,WR
Jakob Johnson,3115349,RB
Leonard Fournette,3115364,RB
Cody Hollister,3115443,WR
Matt Breida,3049916,RB
Robby Anderson,2574808,WR
Josh Allen,3918298,QB
Drew Brees,2580,QB
Tommylee Lewis,2574918,WR
Gerald Everett,3918639,TE
Justin Jefferson,4262921,WR
Anthony Miller,3050487,WR
Tanner Hudson,3050481,TE
Rodney Smith,3116074,RB
Chris Godwin,3116165,WR
Mike Gesicki,3116164,TE
Brett Rypien,3722362,QB
Jason Cabinda,3116158,RB
Justin Jackson,3116136,RB
Trace McSorley,3116172,QB
David Blough,3116188,QB
Darwin Thompson,4361606,RB
Mason Rudolph,3116407,QB
Tyreek Hill,3116406,WR
Mark Andrews,3116365,TE
Samaje Perine,3116389,RB
Joe Mixon,3116385,RB
Quez Watkins,4050373,WR
Dalvin Cook,3116593,RB
Elijhaa Penny,2575965,RB
Reggie Bonnafon,3116642,RB
Jaylen Samuels,3116721,RB
Tony Brooks-James,3886841,RB
Chris Carson,3919596,RB
Myles Gaskin,3886818,RB
P.J. Walker,3051308,QB
Ezekiel Elliott,3051392,RB
Marcus Baugh,3051387,TE
Deonte Harris,4411193,WR
Brandon Dillon,4411192,TE
Boston Scott,3051439,RB
Dwayne Washington,3002265,RB
Nick Keizer,4329472,TE
Ameer Abdullah,2576336,RB
Melvin Gordon III,2576434,RB
Nick Vannett,2576399,TE
Raheem Mostert,2576414,RB
Adam Humphries,2576491,WR
Dalton Schultz,3117256,TE
Christian McCaffrey,3117251,RB
DeVante Parker,2576623,WR
Marquez Valdes-Scantling,3051738,WR
La'Mical Perine,4034952,RB
Jordan Wilkins,3051891,RB
Freddie Swain,4034950,WR
Laquon Treadwell,3051889,WR
Adam Shaheen,4198676,TE
Austin Ekeler,3068267,RB
Peyton Barber,3051902,RB
Jameis Winston,2969939,QB
Jamison Crowder,2576716,WR
Duke Johnson,2969962,RB
Evan Engram,3051876,TE
Riley Ridley,4035015,WR
Isaac Nauta,4035014,RB
Mecole Hardman,4035004,WR
Jason Witten,4527,TE
Gus Edwards,3051926,RB
Tyrie Cleveland,4034964,WR
Benny Snell Jr.,4035072,RB
Stephen Anderson,2576854,TE
Charlie Woerner,4035020,TE
Javon Wims,4035019,WR
Johnny Mundt,3052096,TE
Albert Okwuegbunam,4035115,TE
River Cracraft,3052056,WR
Scottie Phillips,4362878,RB
Darren Waller,2576925,TE
Darrell Daniels,3052166,TE
Phillip Lindsay,3052117,RB
Marquez Callaway,4035170,WR
Marcus Mariota,2576980,QB
John Ross III,3052177,WR
Trayveon Williams,4035222,RB
Ty Montgomery,2577134,RB
Jake Kumerow,3085107,WR
Jordan Thomas,4035379,TE
Denzel Mims,4035403,WR
Tyler Lockett,2577327,WR
Tim Patrick,3134353,WR
Dak Prescott,2577417,QB
David Montgomery,4035538,RB
James Robinson,4052042,RB
Baker Mayfield,3052587,QB
Gabe Nabers,4035611,RB
Michael Pittman Jr.,4035687,WR
Zack Moss,4035676,RB
Tyler Huntley,4035671,QB
Maxx Williams,2970726,TE
DeAndre Washington,2577654,RB
Damiere Byrd,2577667,WR
Jakeem Grant,2577641,WR
Quintez Cephus,4035793,WR
Will Fuller V,3052876,WR
Durham Smythe,3052897,TE
Larry Fitzgerald,5528,WR
Philip Rivers,5529,QB
Ben Roethlisberger,5536,QB
Noah Fant,4036131,TE
T.J. Hockenson,4036133,TE
Dominique Dafney,4036129,TE
Auden Tate,3921564,WR
Pharaoh Brown,2971281,TE
Michael Gallup,4036348,WR
Cedrick Wilson,4036335,WR
John Lovett,3118906,RB
Byron Pringle,4036416,WR
Justin Watson,3118892,WR
Hunter Renfrow,3135321,WR
Jaeden Graham,3118954,TE
Darrynton Evans,4036431,RB
Marvin Hall,2578369,WR
Nelson Agholor,2971618,WR
Marcus Johnson,2971718,WR
Jacoby Brissett,2578570,QB
Chris Conley,2578533,WR
Chase Edmonds,3119195,RB
JoJo Natson,2971830,WR
Tommy Stevens,3791110,TE
Jalen Richard,2972091,RB
Jonnu Smith,3054212,TE
Jason Croom,2972240,TE
Nathan Peterman,2972236,QB
Breshad Perriman,2972460,WR
Travis Homer,4037457,RB
Joe Reed,4037591,WR
Ross Dwelley,3120303,TE
Alvin Kamara,3054850,RB
Robert Foster,3054845,WR
JuJu Smith-Schuster,3120348,WR
Blake Bell,2514206,TE
Darrius Shepherd,3120588,WR
Daurice Fountain,3120659,WR
Keelan Cole Sr.,3071572,WR
Kalif Raymond,2973405,WR
Justice Hill,4038441,RB
Gardner Minshew II,4038524,QB
Dallas Goedert,3121023,TE
Temarrick Hemingway,2580330,TE
C.J. Board,2973626,WR
Chris Manhertz,2531358,TE
Rico Dowdle,4038815,RB
Bryan Edwards,4038818,WR
Alex Smith,8416,QB
Parris Campbell,3121410,WR
Noah Brown,3121409,WR
Aaron Rodgers,8439,QB
Frank Gore,8479,RB
Michael Burton,2515270,RB
Curtis Samuel,3121427,WR
Terry McLaurin,3121422,WR
Justin Herbert,4038941,QB
Devin Duvernay,4039050,WR
Collin Johnson,4039043,WR
Drew Lock,3924327,QB
Hayden Hurst,3924365,TE
Lil'Jordan Humphrey,4039057,WR
Ryan Fitzpatrick,8664,QB
Mitchell Trubisky,3039707,QB
Andy Janovich,2974317,RB
Austin Carr,2974339,WR
Jonathan Ward,4039274,RB
Trevon Wesco,4039253,TE
Darrell Henderson Jr.,4039359,RB
Greg Ward,3040035,WR
Malcolm Perry,4039436,WR
Ray-Ray McCloud,3728262,WR
Reggie Gilliam,4039505,RB
J.J. Taylor,4039607,RB
George Kittle,3040151,TE
Trent Sherfield,3122168,WR
Chris Streveler,3040206,QB
Khari Blasingame,3122154,RB
Cullen Gillaspia,3122143,RB
Kenny Golladay,2974858,WR
Chandler Cox,3843217,RB
Vyncint Smith,3155188,WR
Cethan Carter,3040470,RB
Trent Taylor,3040569,WR
James Washington,3122449,WR
Calvin Ridley,3925357,WR
Damien Harris,3925347,RB
Marcedes Lewis,9614,TE
Royce Freeman,3122672,RB
Mike Boone,3139033,RB
Mack Hollins,2991662,WR
Jarrett Stidham,3892775,QB
Buddy Howell,3122716,RB
Patrick Ricard,2975417,DT
Devontae Booker,3122866,RB
Blake Jarwin,2991767,TE
Deshaun Watson,3122840,QB
Richie James,3122899,WR
Ryan Izzo,3122920,TE
Jeff Wilson Jr.,3122976,RB
David Njoku,3123076,TE
Braxton Berrios,3123075,WR
Tyler Kroft,2582410,TE
Cameron Batson,3139456,WR
Taylor Heinicke,2565969,QB
Foster Moreau,3843945,TE
Chris Herndon,3123050,TE
Robert Tonyan,2975674,TE
Antonio Williams,4040629,RB
Travis Fulgham,3139522,WR
Austin Mack,4040623,WR
Dwayne Haskins Jr.,4040616,QB
Patrick Mahomes,3139477,QB
Darnell Mooney,4040655,WR
Harrison Bryant,4040774,TE
Devin Singletary,4040761,RB
Marlon Mack,3139605,RB
D'Ernest Johnson,3139602,RB
Jalen Hurts,4040715,QB
Eric Saubert,2975863,TE
Jaleel Scott,4040792,WR
Jason Huntley,4040790,RB
Adrian Peterson,10452,RB
Ted Ginn Jr.,10453,WR
Greg Olsen,10475,TE
DaeSean Hamilton,3057987,WR
Irv Smith Jr.,4040980,TE
Rashaad Penny,3139925,RB
Stefon Diggs,2976212,WR
Michael Thomas,2976316,WR
Mike Davis,3025433,RB
Austin Walter,3123857,RB
Amari Cooper,2976499,WR
Taysom Hill,2468609,QB
T.J. Yeldon,2976516,RB
Ito Smith,3123969,RB
Qadree Ollison,3123944,RB
Mike Thomas,3123986,WR
John Wolford,3124092,QB
Sterling Shepard,2976592,WR
Isaiah Ford,3124069,WR
Joshua Kelley,3910544,RB
Matt Ryan,11237,QB
Joe Flacco,11252,QB
DeSean Jackson,11283,WR
Chad Henne,11291,QB
Aaron Jones,3042519,RB
KeeSean Johnson,3124537,WR
Danny Amendola,11674,WR
Logan Woodside,3042749,QB
Cooper Kupp,2977187,WR
Corey Davis,3042778,WR
Ryan Finley,3042876,QB
Tyron Johnson,3894912,WR
Rashard Higgins,3042910,WR
Jake Luton,3124900,QB
O.J. Howard,3043080,TE
Derrick Henry,3043078,RB
Demarcus Robinson,3043116,WR
Todd Gurley II,2977644,RB
D'Onta Foreman,3125116,RB
Steven Mitchell Jr.,3043225,WR
Alex Erickson,2977800,WR
Zay Jones,3059722,WR
Austin Hooper,3043275,TE
Daniel Brown,2519013,TE
Deon Yelder,3059766,TE
Artavis Pierce,4042808,RB
Adam Trautman,3911853,TE
Chase Daniel,12471,QB
Brian Hoyer,12477,QB
Matthew Stafford,12483,QB
Jacob Hollister,3125404,TE
Brian Hill,3125403,RB
LeSean McCoy,12514,RB
Jared Cook,12537,TE
Kareem Hunt,3059915,RB
Jordan Howard,3060022,RB
Zach Pascal,2978109,WR
Nick Mullens,3059989,QB
Julian Edelman,12649,WR
D.J. Foster,2978124,RB
Donald Parham Jr.,3912092,TE
Jaydon Mickens,2978308,WR
Ben DiNucci,3895785,QB
Damion Ratley,3895857,WR
Christian Kirk,3895856,WR
Tee Higgins,4239993,WR
AJ Dillon,4239934,RB
Christian Blake,3126002,WR
Cam Akers,4240021,RB
Ronald Jones II,3912550,RB
Sam Darnold,3912547,QB
JaMycal Hasty,3928925,RB
Colt McCoy,13199,QB
Dez Bryant,13215,WR
Golden Tate,13217,WR
Andre Roberts,13226,WR
Rob Gronkowski,13229,TE
Jimmy Graham,13232,TE
KJ Hamler,4240380,WR
Emmanuel Sanders,13295,WR
Dontrell Hilliard,3126246,RB
Jeff Smith,3929118,WR
Bo Scarbrough,3126367,RB
DeeJay Dallas,4240631,RB
Deebo Samuel,3126486,WR
Devine Ozigbo,3699935,RB
Joshua Dobbs,3044720,QB
Isaiah Wright,4044121,WR
Dalton Keene,4240861,TE
Juwan Johnson,3929645,WR
Saquon Barkley,3929630,RB
Antonio Brown,13934,WR
Mark Ingram II,13981,RB
Julio Jones,13982,WR
A.J. Green,13983,WR
Nick Westbrook-Ikhine,3929785,WR
Blaine Gabbert,13987,QB
C.J. Beathard,2979520,QB
Cam Newton,13994,QB
Kaden Smith,4044452,TE
Tevin Coleman,2979477,RB
Andy Dalton,14012,QB
Wayne Gallman,3045127,RB
Jesse James,2979590,TE
Randall Cobb,14053,WR
Kyle Rudolph,14054,TE
Bruce Miller,14083,RB
Virgil Green,14085,TE
Luke Stocker,14099,TE
Tyler Boyd,3045144,WR
Mike Williams,3045138,WR
Anthony Sherman,14135,RB
James Conner,3045147,RB
Tyrod Taylor,14163,QB
Jamal Agnew,3061612,WR
Dion Lewis,14198,RB
Jake Butt,3045225,TE
Craig Reynolds,4421446,RB
Lee Smith,14215,TE
Patrick Laird,3127211,RB
Marquise Brown,4241372,WR
CeeDee Lamb,4241389,WR
Troy Fumagalli,3045264,TE
Corey Clement,3045260,RB
Dontrelle Inman,14269,WR
Dante Pettis,3127306,WR
Kenyan Drake,2979843,RB
Will Dissly,3127292,TE
Dawson Knox,3930086,TE
Van Jefferson,3930066,WR
Drew Sample,3127310,TE
Ryan Nall,3127335,RB
Chris Hogan,14402,WR
Jerry Jeudy,4241463,WR
Henry Ruggs III,4241475,WR
Nick Bellore,14471,RB
Tua Tagovailoa,4241479,QB
Kendrick Bourne,3045523,WR
Jonathan Williams,2980077,RB
Jeremy Sprinkle,2980073,TE
C.J. Prosise,2980148,RB
Colin Thompson,2980120,TE
Jeremy McNichols,3127586,RB
Jalen Reagor,4241802,WR
Miles Sanders,4045163,RB
Falcons D/ST,-16001,D/ST
Bills D/ST,-16002,D/ST
Bears D/ST,-16003,D/ST
Bengals D/ST,-16004,D/ST
Browns D/ST,-16005,D/ST
Cowboys D/ST,-16006,D/ST
Broncos D/ST,-16007,D/ST
Lions D/ST,-16008,D/ST
Packers D/ST,-16009,D/ST
Titans D/ST,-16010,D/ST
Colts D/ST,-16011,D/ST
Chiefs D/ST,-16012,D/ST
Raiders D/ST,-16013,D/ST
Rams D/ST,-16014,D/ST
Dolphins D/ST,-16015,D/ST
Vikings D/ST,-16016,D/ST
Patriots D/ST,-16017,D/ST
Saints D/ST,-16018,D/ST
Giants D/ST,-16019,D/ST
Jets D/ST,-16020,D/ST
Eagles D/ST,-16021,D/ST
Cardinals D/ST,-16022,D/ST
Steelers D/ST,-16023,D/ST
Chargers D/ST,-16024,D/ST
49ers D/ST,-16025,D/ST
Seahawks D/ST,-16026,D/ST
Buccaneers D/ST,-16027,D/ST
Washington D/ST,-16028,D/ST
Panthers D/ST,-16029,D/ST
Josiah Deguara,3914151,TE
Jaguars D/ST,-16030,D/ST
Ravens D/ST,-16033,D/ST
Texans D/ST,-16034,D/ST
Donovan Peoples-Jones,4258195,WR
Ian Thomas,4045305,TE
Robert Griffin III,14875,QB
Ryan Tannehill,14876,QB
Nick Foles,14877,QB
Kirk Cousins,14880,QB
Russell Wilson,14881,QB
Lamar Miller,14886,RB
Alshon Jeffery,14912,WR
C.J. Ham,4012556,RB
Mohamed Sanu Sr.,14922,WR
T.Y. Hilton,14924,WR
Anthony McFarland Jr.,4241941,RB
Gehrig Dieter,2980460,WR
Andy Isabella,3914328,WR
J.K. Dobbins,4241985,RB
Jamaal Williams,2980453,RB
Alfred Morris,15009,RB
Scotty Miller,3914397,WR
Ashton Dulin,4061956,WR
Marvin Jones Jr.,15072,WR
Malcolm Brown,2570986,RB
Ben Ellefson,3930900,TE
Case Keenum,15168,QB
Cole Kmet,4258595,TE
Clyde Edwards-Helaire,4242214,RB
Alex Collins,3046409,RB
Jonathan Taylor,4242335,RB
Keith Kirkwood,3046401,WR
Marcus Kemp,3046399,WR
Cole Beasley,15349,WR
Allen Lazard,3128390,WR
Derek Carrier,15403,TE
Hunter Henry,3046439,TE
Colby Parkinson,4242557,TE
Courtland Sutton,3128429,WR
Jordan Akins,3128452,TE
Tre'Quan Smith,3128451,WR
J.J. Arcega-Whiteside,3931397,WR
Trenton Irwin,3931391,WR
John Hightower,4373673,WR
Geoff Swaim,3046704,TE
Jared Goff,3046779,QB
Antonio Callaway,3915097,WR
Jason Sanders,3124679,K
Younghoe Koo,3049899,K
Tyler Bass,3917232,K
Daniel Carlson,3051909,K
Greg Zuerlein,14993,K
Rodrigo Blankenship,3915165,K
Ryan Succop,12731,K
Justin Tucker,15683,K
Cairo Santos,17427,K
Jason Myers,2473037,K
Brandon McManus,16339,K
Wil Lutz,2985659,K
Harrison Butker,3055899,K
Graham Gano,12460,K
Ka'imi Fairbairn,2971573,K
Joey Slye,3124084,K
Dustin Hopkins,15965,K
Nick Folk,10621,K
Mason Crosby,10636,K
Michael Badgley,3123052,K
Stephen Gostkowski,9704,K
Matt Prater,11122,K
Cody Parkey,17082,K
Robbie Gould,9354,K
Randy Bullock,15091,K
Chris Boswell,17372,K
Zane Gonzalez,3043234,K
Dan Bailey,14322,K
Jake Elliott,3050478,K
Matt Gay,4249087,K
